source,medium,title,url,date,verdict,label,country,keywords,label_clean,title_clean,title_length,word_count
PolitiFact,fact-check,Donald Trump,https://www.politifact.com/personalities/donald-trump/,,“DOGE halts yearly payment of $2.5 million to Barack Obama for ‘royalties linked to Obamacare.’”,Fake,USA,"donald, trump",Fake,Donald Trump,12,2
PolitiFact,fact-check,Anderson Clayton,https://www.politifact.com/personalities/anderson-clayton/,,“North Carolina teachers are already the lowest paid teachers in the south.”,Fake,USA,"anderson, clayton",Fake,Anderson Clayton,16,2
PolitiFact,fact-check,X posts,https://www.politifact.com/personalities/tweets/,,“RFK Jr. flees the scene after Novo Nordisk Executive Gordon Findlay collapsed in the Oval Office.”,Fake,USA,"x, posts",Fake,X posts,7,2
PolitiFact,fact-check,Nancy Mace,https://www.politifact.com/personalities/nancy-mace/,,New York City Mayor-elect Zohran Mamdani “is bringing Sharia law to America.”,Fake,USA,"nancy, mace",Fake,Nancy Mace,10,2
PolitiFact,fact-check,Elon Musk,https://www.politifact.com/personalities/elon-musk/,,“The New York City ballot form is a scam” because “mayoral candidates appear twice.”,Fake,USA,"elon, musk",Fake,Elon Musk,9,2
PolitiFact,fact-check,JB Pritzker,https://www.politifact.com/personalities/jb-pritzker/,,"The federal government “decided to shut down the SNAP machines, so that they can’t be used.”",Fake,USA,"jb, pritzker",Fake,JB Pritzker,11,2
PolitiFact,fact-check,Kristi Noem,https://www.politifact.com/personalities/kristi-noem/,,“No American citizens have been arrested or detained” during the Trump administration’s immigration crackdowns.,Fake,USA,"kristi, noem",Fake,Kristi Noem,11,2
PolitiFact,fact-check,Ron DeSantis,https://www.politifact.com/personalities/ron-desantis/,,"In Florida, “68 to 70% of property tax revenue” is from “second homes, investment properties, commercial properties, Airbnb,” not primary residences.",Fake,USA,"ron, desantis",Fake,Ron DeSantis,12,2
PolitiFact,fact-check,Stephen Miller,https://www.politifact.com/personalities/stephen-miller/,,"“To all ICE officers, you have federal immunity in the conduct of your duties.”",Fake,USA,"stephen, miller",Fake,Stephen Miller,14,2
PolitiFact,fact-check,Social Media,https://www.politifact.com/personalities/social-media/,,Walmart will close to in-store shoppers and allow only online orders and curbside pickup starting Nov. 1 because of an expected Supplemental Nutrition Assistance Program funding lapse.,Fake,USA,"social, media",Fake,Social Media,12,2
PolitiFact,fact-check,Scott Bessent,https://www.politifact.com/personalities/scott-bessent/,"By Paul Specht • November 8, 2025","""Overall, the inflation since President Trump” took office “has come down.""",Fake,USA,"scott, bessent",Fake,Scott Bessent,13,2
PolitiFact,fact-check,The Ronald Reagan Presidential Foundation and Institute,https://www.politifact.com/personalities/ronald-reagan-presidential-foundation-and-institut/,"By Louis Jacobson • October 24, 2025","An ad from the government of Ontario, Canada, “misrepresents” President Ronald Reagan’s April 25, 1987, address about tariffs.",Fake,USA,"the, ronald, reagan, presidential, foundation, and, institute",Fake,The Ronald Reagan Presidential Foundation and Institute,55,7
PolitiFact,fact-check,Hakeem Jeffries,https://www.politifact.com/personalities/hakeem-jeffries/,"By Louis Jacobson • October 24, 2025","“The Trump administration just declared that erecting a ballroom is the president’s main priority,” rather than issues such as the cost of living and health care.",Fake,USA,"hakeem, jeffries",Fake,Hakeem Jeffries,15,2
PolitiFact,fact-check,Rand Paul,https://www.politifact.com/personalities/rand-paul/,"By Maria Briceño • October 16, 2025","“About 25% of the time the Coast Guard boards a ship, there are no drugs.”",Fake,USA,"rand, paul",Fake,Rand Paul,9,2
PolitiFact,fact-check,JD Vance,https://www.politifact.com/personalities/jd-vance/,"By Natalie Ribar • October 15, 2025","""Political violence, it's just a statistical fact that it's a bigger problem on the left.”",Fake,USA,"jd, vance",Fake,JD Vance,8,2
PolitiFact,fact-check,Ted Cruz,https://www.politifact.com/personalities/ted-cruz/,"By Arielle Zionts • October 13, 2025",Democrats are “dishonestly sending around a video from 2017” claiming it was an Oct. 18 ‘No Kings’ rally in Boston.,Fake,USA,"ted, cruz",Fake,Ted Cruz,8,2
PolitiFact,fact-check,Darren Soto,https://www.politifact.com/personalities/darren-soto/,"By Maria Briceño • October 9, 2025",Florida will be the “hardest hit” state in the country if enhanced Affordable Care Act subsidies expire.,Fake,,"darren, soto",Fake,Darren Soto,11,2
PolitiFact,fact-check,Tricia McLaughlin,https://www.politifact.com/personalities/tricia-mclaughlin/,"By Louis Jacobson • September 17, 2025",Un video muestra un “arresto por robo que la policía de Chicago realizó hace más de un año”.,Fake,,"tricia, mclaughlin",Fake,Tricia McLaughlin,17,2
PolitiFact,fact-check,Dan Koh,https://www.politifact.com/personalities/dan-koh/,"By Will Doran • September 12, 2025","As the Trump administration pursues mortgage fraud charges against Letitia James, “there are three Cabinet members who committed mortgage fraud that he’s just letting fly.”",Fake,,"dan, koh",Fake,Dan Koh,7,2
PolitiFact,fact-check,James Clyburn,https://www.politifact.com/personalities/james-clyburn/,"By Louis Jacobson • September 9, 2025","“Trump’s budget called for a $300 (million) cut” to the Women, Infants and Children program.",Fake,,"james, clyburn",Fake,James Clyburn,13,2
PolitiFact,fact-check,West Virginians For Health Freedom,https://www.politifact.com/personalities/west-virginians-for-health-freedom/,"By Hope Karnopp • August 15, 2025",“Vaccine makers are exempt from all liability for vaccine injury and death.”,Fake,,"west, virginians, for, health, freedom",Fake,West Virginians For Health Freedom,34,5
PolitiFact,fact-check,Robert F. Kennedy Jr.,https://www.politifact.com/personalities/robert-f-kennedy-jr/,"By Madison Czopek • July 29, 2025",“It's going to be the biggest infusion of federal dollars into rural health care in American history.”,Fake,,"robert, f., kennedy, jr.",Fake,Robert F. Kennedy Jr.,21,4
PolitiFact,fact-check,Instagram posts,https://www.politifact.com/personalities/instagram-posts/,"By Amy Sherman • July 28, 2025","“El CEO de Coca-Cola, James Quincey, lanzó un ultimátum contundente: cancelen la actuación de Bad Bunny en el Super Bowl o la marca terminará su patrocinio del evento.”",Fake,,"instagram, posts",Fake,Instagram posts,15,2
PolitiFact,fact-check,Mike Johnson,https://www.politifact.com/personalities/mike-johnson/,"By Gabrielle Lazor • July 24, 2025","“As a condition for ending the Democrat shutdown, Democrats want hospitals (to be) paid MORE to treat illegal aliens than American citizens.”",Fake,,"mike, johnson",Fake,Mike Johnson,12,2
PolitiFact,fact-check,Josh Hawley,https://www.politifact.com/personalities/josh-hawley/,"By Louis Jacobson • July 21, 2025",“The FBI tapped my phone” and those of other senators.,Fake,,"josh, hawley",Fake,Josh Hawley,11,2
PolitiFact,fact-check,Rick Scott,https://www.politifact.com/personalities/rick-scott/,"By Louis Jacobson • June 27, 2025",Democrats shut down the government because they want “health care for illegal aliens and funding for free abortions.”,Fake,,"rick, scott",Fake,Rick Scott,10,2
PolitiFact,fact-check,Amy Klobuchar,https://www.politifact.com/personalities/amy-klobuchar/,"By Ella Moore • June 27, 2025","People with insurance through the Affordable Care Act will see a “75% increase in premiums starting Nov. 1” if enhanced subsidies are not extended, including “twice as much in the rural areas.”",Fake,,"amy, klobuchar",Fake,Amy Klobuchar,13,2
PolitiFact,fact-check,Robert Ortt,https://www.politifact.com/personalities/robert-ortt/,"By Loreben Tuquero • June 24, 2025","During Gov. Hochul’s tenure, there has been “more crime on our streets.”",Fake,,"robert, ortt",Fake,Robert Ortt,11,2
PolitiFact,fact-check,Sean Hannity,https://www.politifact.com/personalities/sean-hannity/,"By Louis Jacobson • May 21, 2025","There was not “a single, prominent conservative voice in the country that even remotely wanted or hoped or was pushing to get Jimmy Kimmel taken off the air.”",Fake,,"sean, hannity",Fake,Sean Hannity,12,2
PolitiFact,fact-check,Katherine Clark,https://www.politifact.com/personalities/katherine-clark/,"By Amy Sherman • May 7, 2025",“Republicans are spiking health insurance premiums by 75% for everyday Americans” if they don’t extend enhanced Affordable Care Act subsidies.,Fake,,"katherine, clark",Fake,Katherine Clark,15,2
PolitiFact,fact-check,Michael Whatley,https://www.politifact.com/personalities/michael-whatley/,"By Louis Jacobson • May 5, 2025",Former North Carolina Gov. Roy Cooper “bears direct responsibility” for the fatal stabbing of a woman on the Charlotte rail system.,Fake,,"michael, whatley",Fake,Michael Whatley,15,2
PolitiFact,fact-check,U.S. Energy Department,https://www.politifact.com/personalities/us-energy-department/,"By Paul Specht • April 24, 2025","“Wind and solar energy infrastructure is essentially worthless when it is dark outside, and when the wind is not blowing.”",Fake,,"u.s., energy, department",Fake,U.S. Energy Department,22,3
PolitiFact,fact-check,TikTok posts,https://www.politifact.com/personalities/tiktok-posts/,"By Loreben Tuquero • April 22, 2025",Video shows Chicago salt trucks were used “to slow traffic and block access points in response to an incoming ICE operation.”,Fake,,"tiktok, posts",Fake,TikTok posts,12,2
PolitiFact,fact-check,Joseph Ladapo,https://www.politifact.com/personalities/joseph-ladapo/,"By Grace Abels • April 1, 2025",Every school vaccine mandate “drips” with “slavery.”,Fake,,"joseph, ladapo",Fake,Joseph Ladapo,13,2
PolitiFact,fact-check,James Uthmeier,https://www.politifact.com/personalities/james-uthmeier/,"By Jeff Cercone • March 21, 2025",The U.S. Census included a citizenship question “for over 150 years” before the Obama administration.,Fake,,"james, uthmeier",Fake,James Uthmeier,14,2
PolitiFact,fact-check,Chris Murphy,https://www.politifact.com/personalities/chris-murphy/,"By Louis Jacobson • March 20, 2025","Following the passage of a 2022 gun safety law, mass shootings “began to drop.”",Fake,,"chris, murphy",Fake,Chris Murphy,12,2
PolitiFact,fact-check,Gavin Newsom,https://www.politifact.com/personalities/gavin-newsom/,"By Hope Karnopp • March 11, 2025",“Democrats have voted for national independent redistricting. Republicans have not.”,Fake,,"gavin, newsom",Fake,Gavin Newsom,12,2
PolitiFact,fact-check,Americans for Prosperity,https://www.politifact.com/personalities/americans-prosperity/,"By D.L. Davis • March 3, 2025",“The (Evers) Era locked Wisconsin families into a 400‑year property tax increase.”,Fake,,"americans, for, prosperity",Fake,Americans for Prosperity,24,3
PolitiFact,fact-check,Threads posts,https://www.politifact.com/personalities/threads-posts/,"By Madison Czopek • February 9, 2025",The official U.S. government website erased sections of the U.S. Constitution without amending it.,Fake,,"threads, posts",Fake,Threads posts,13,2
PolitiFact,fact-check,John Blust,https://www.politifact.com/personalities/john-blust/,"By Caleb McCullough • January 21, 2025",“Democrats have 24 more seats (in Congress) than they would have if illegal aliens were not counted in the census.”,Fake,,"john, blust",Fake,John Blust,10,2
PolitiFact,fact-check,Ken Martin,https://www.politifact.com/personalities/ken-martin/,"By Caleb McCullough • January 14, 2025",Texas Republicans held one hearing on flood response but eight hearings on redistricting,Fake,,"ken, martin",Fake,Ken Martin,10,2
PolitiFact,fact-check,Josh Stein,https://www.politifact.com/personalities/josh-stein/,,“Guns are the leading cause of death for children in North Carolina.”,Fake,,"josh, stein",Fake,Josh Stein,10,2
PolitiFact,fact-check,Francesca Hong,https://www.politifact.com/personalities/francesca-hong/,,“Nearly 25 cents of every $1 spent via SNAP goes to farmers and ranchers.”,Fake,France,"francesca, hong",Fake,Francesca Hong,14,2
PolitiFact,fact-check,Benjamin Netanyahu,https://www.politifact.com/personalities/benjamin-netanyahu/,,“There is no starvation in Gaza.”,Fake,,"benjamin, netanyahu",Fake,Benjamin Netanyahu,18,2
PolitiFact,fact-check,Markwayne Mullin,https://www.politifact.com/personalities/markwayne-mullin/,,The Jeffrey Epstein plea agreement “was a sweetheart plea deal that was made under the Obama administration.”,Fake,,"markwayne, mullin",Fake,Markwayne Mullin,16,2
PolitiFact,fact-check,Ritchie Torres,https://www.politifact.com/personalities/ritchie-torres/,,"“Since Donald Trump's inauguration, we have seen an 11% decline in the value of the dollar, the steepest decline in more than a half a century.”",Fake,,"ritchie, torres",Fake,Ritchie Torres,14,2
PolitiFact,fact-check,U.S. Trade Representative,https://www.politifact.com/personalities/us-trade-representative/,,"“America had a trade surplus in ice cream in 2020 under President Trump's leadership, but that surplus turned into a trade deficit of $40.6 million under President Biden's watch.”",Fake,,"u.s., trade, representative",Fake,U.S. Trade Representative,25,3
PolitiFact,fact-check,Howard Lutnick,https://www.politifact.com/personalities/howard-lutnick/,,Tariffs are “going to pay off our deficit.”,Fake,,"howard, lutnick",Fake,Howard Lutnick,14,2
PolitiFact,fact-check,Lori Chavez-DeRemer,https://www.politifact.com/personalities/lori-chavez-deremer/,,"Under President Donald Trump’s newly signed tax law, “Those making less than $50,000 receive the largest (tax) cuts.”",Fake,,"lori, chavez-deremer",Fake,Lori Chavez-DeRemer,19,2
PolitiFact,fact-check,Kevin Hassett,https://www.politifact.com/personalities/kevin-hassett/,,"A Congressional Budget Office estimate of people who stand to lose insurance from President Donald Trump’s tax and spending law said “about 5 million … have other insurance,” so “if they lose one (type of coverage), they're still insured.”",Fake,,"kevin, hassett",Fake,Kevin Hassett,13,2
PolitiFact,fact-check,Jon Favreau,https://www.politifact.com/personalities/jon-favreau/,,"“ICE will now become the country’s largest federal law enforcement agency, bigger than the FBI, bigger than the DEA.”",Fake,,"jon, favreau",Fake,Jon Favreau,11,2
PolitiFact,fact-check,Scott Jennings,https://www.politifact.com/personalities/scott-jennings/,,Almost 5 million able-bodied Medicaid recipients “simply choose not to work” and “spend six hours a day socializing and watching television.”,Fake,,"scott, jennings",Fake,Scott Jennings,14,2
PolitiFact,fact-check,Elizabeth Warren,https://www.politifact.com/personalities/elizabeth-warren/,,"“If every one of the 340 million people in America paid a new $35 copay to visit the doctor, that still wouldn’t be enough to cover how much Meta would get from just one tax break in Donald Trump's ‘Big Beautiful Bill.’""",Fake,,"elizabeth, warren",Fake,Elizabeth Warren,16,2
PolitiFact,fact-check,Occupy Democrats,https://www.politifact.com/personalities/occupy-democrats/,,"""Undocumented immigrants paid more taxes last year than Amazon, GM, IBM & Netflix combined.""",Fake,,"occupy, democrats",Fake,Occupy Democrats,16,2
PolitiFact,fact-check,John Thune,https://www.politifact.com/personalities/john-thune/,,"“A lot of times, health care comes with a job.”",Fake,,"john, thune",Fake,John Thune,10,2
PolitiFact,fact-check,Facebook posts,https://www.politifact.com/personalities/facebook-posts/,,“BREAKING NEWS: Dolly Parton announces her refusal to celebrate Pride Month in June.”,Fake,,"facebook, posts",Fake,Facebook posts,14,2
PolitiFact,fact-check,Josh Schoemann,https://www.politifact.com/personalities/josh-schoemann/,,"“The state of Illinois has a lower income tax rate than we do, and a flat tax. It’s almost half of what the top bracket here in Wisconsin is.”",Fake,,"josh, schoemann",Fake,Josh Schoemann,14,2
PolitiFact,fact-check,American Action Network,https://www.politifact.com/personalities/american-action-network/,,The Republican tax and spending bill will provide a “tax cut for Social Security recipients.”,Fake,,"american, action, network",Fake,American Action Network,23,3
PolitiFact,fact-check,Mike Lee,https://www.politifact.com/personalities/mike-lee/,,The suspect in the Minnesota lawmakers’ shootings was driven by “Marxist” ideology.,Fake,,"mike, lee",Fake,Mike Lee,8,2
PolitiFact,fact-check,Liz Oyer,https://www.politifact.com/personalities/liz-oyer/,,“President Trump has granted pardons that have wiped out over $1 billion in debts owed by wealthy Americans who have committed fraud and broken the law.”,Fake,,"liz, oyer",Fake,Liz Oyer,8,2
PolitiFact,fact-check,Russell Vought,https://www.politifact.com/personalities/russell-vought/,,“One out of every $5 or $6 in Medicaid (payments) is improper.”,Fake,,"russell, vought",Fake,Russell Vought,14,2
PolitiFact,fact-check,Kathy Hochul,https://www.politifact.com/personalities/kathy-hochul/,,The state budget contains the largest middle class tax cut in 70 years.,Fake,,"kathy, hochul",Fake,Kathy Hochul,12,2
PolitiFact,fact-check,Viral image,https://www.politifact.com/personalities/viral-image/,,Image shows Ben & Jerry’s is selling “Free Palestine” and “From the River to Sea” ice cream flavors.,Fake,,"viral, image",Fake,Viral image,11,2
PolitiFact,fact-check,Brenden Jones,https://www.politifact.com/personalities/brenden-jones/,,“Contractors are being rejected” from providing Hurricane Helene relief in North Carolina because of racial “quotas” required by the state.,Fake,,"brenden, jones",Fake,Brenden Jones,13,2
PolitiFact,fact-check,Karoline Leavitt,https://www.politifact.com/personalities/karoline-leavitt/,,President Donald Trump’s tax and spending bill “does not add to the deficit.”,Fake,,"karoline, leavitt",Fake,Karoline Leavitt,16,2
PolitiFact,fact-check,Robert Reich,https://www.politifact.com/personalities/robert-reich/,,"While serving in Congress, Transportation Secretary Sean Duffy “voted against upgrading air traffic control systems.”",Fake,,"robert, reich",Fake,Robert Reich,12,2
PolitiFact,fact-check,Bernie Sanders,https://www.politifact.com/personalities/bernie-sanders/,,"“Republicans just unveiled their ‘big, beautiful bill,’ which will take Medicaid & health insurance away from 13.7 million Americans.”",Fake,,"bernie, sanders",Fake,Bernie Sanders,14,2
PolitiFact,fact-check,Alex Jones,https://www.politifact.com/personalities/alex-jones/,,"Un vídeo muestra al presidente francés, Emmanuel Macron, al primer ministro del Reino Unido, Keir Starmer, y al canciller alemán, Friedrich Merz, con una bolsa de cocaína tras visitar al presidente ucraniano, Volodymyr Zelenskyy.",Fake,,"alex, jones",Fake,Alex Jones,10,2
PolitiFact,fact-check,Marcia Morey,https://www.politifact.com/personalities/marcia-morey/,,“Google caved in to Trump. They erased Black History Month from the calendar.”,Fake,,"marcia, morey",Fake,Marcia Morey,12,2
PolitiFact,fact-check,Pam Bondi,https://www.politifact.com/personalities/pam-bondi/,,"En los primeros 100 días del presidente Donald Trump, las incautaciones de fentanilo salvaron entre ""119 millones"" y ""258 millones"" de vidas.",Fake,,"pam, bondi",Fake,Pam Bondi,9,2
PolitiFact,fact-check,Charles Blow,https://www.politifact.com/personalities/charles-blow/,,“China makes 80% of all toys” and “90% of all Christmas goods” sold in the U.S.,Fake,,"charles, blow",Fake,Charles Blow,12,2
PolitiFact,fact-check,Jared Moskowitz,https://www.politifact.com/personalities/jared-moskowitz/,,Canadian tourism to Florida has declined by 80%.,Fake,,"jared, moskowitz",Fake,Jared Moskowitz,15,2
PolitiFact,fact-check,Eric Swalwell,https://www.politifact.com/personalities/eric-swalwell/,,"""Republicans just voted in the House Judiciary Committee to allow Trump to DEPORT U.S. citizens to a foreign country.""",Fake,,"eric, swalwell",Fake,Eric Swalwell,13,2
PolitiFact,fact-check,Pete Hegseth,https://www.politifact.com/personalities/pete-hegseth/,,"The federal government’s Women, Peace and Security program is a “Biden initiative.”",Fake,,"pete, hegseth",Fake,Pete Hegseth,12,2
PolitiFact,fact-check,Charles Schumer,https://www.politifact.com/personalities/charles-schumer/,,"“It's estimated” that President Donald Trump’s tariffs will mean “American families would have to pay about $4,000 more a year.”",Fake,,"charles, schumer",Fake,Charles Schumer,15,2
PolitiFact,fact-check,Brian Tyler Cohen,https://www.politifact.com/personalities/brian-tyler-cohen/,,Trump “just denied North Carolina’s request for FEMA relief from Hurricane Helene.”,Fake,,"brian, tyler, cohen",Fake,Brian Tyler Cohen,17,3
PolitiFact,fact-check,Moms Demand Action for Gun Sense In America,https://www.politifact.com/personalities/moms-demand-action-gun-sense-america/,,“Gun violence is the leading killer of college-aged people in the U.S.”,Fake,,"moms, demand, action, for, gun, sense, in, america",Fake,Moms Demand Action for Gun Sense In America,43,8
PolitiFact,fact-check,Michael Lawler,https://www.politifact.com/personalities/michael-lawler/,,"“If we don’t pass the tax bill by the end of the year, we will have the largest tax increase in American history.”",Fake,,"michael, lawler",Fake,Michael Lawler,14,2
PolitiFact,fact-check,Byron Donalds,https://www.politifact.com/personalities/byron-donalds/,,"Under the SAVE Act, “as long as you have a Real ID … it should be easy for you to register to vote.”",Fake,,"byron, donalds",Fake,Byron Donalds,13,2
PolitiFact,fact-check,Tim Walz,https://www.politifact.com/personalities/tim-walz/,,"“Less than half of Americans have $1,000 in savings.”",Fake,,"tim, walz",Fake,Tim Walz,8,2
PolitiFact,fact-check,Brooke Rollins,https://www.politifact.com/personalities/brooke-rollins/,,“We had an agriculture export deficit that increased from zero when President Trump left to $49 billion” under former President Joe Biden.,Fake,,"brooke, rollins",Fake,Brooke Rollins,14,2
PolitiFact,fact-check,Ruben Gallego,https://www.politifact.com/personalities/ruben-gallego/,,Men “have the lowest college attainment rate ever.”,Fake,,"ruben, gallego",Fake,Ruben Gallego,13,2
PolitiFact,fact-check,Cory Booker,https://www.politifact.com/personalities/cory-booker/,,"""The consumer confidence in this country has gone way down.""",Fake,,"cory, booker",Fake,Cory Booker,11,2
PolitiFact,fact-check,Marjorie Taylor Greene,https://www.politifact.com/personalities/marjorie-taylor-greene/,,"On PBS, ""they now have drag queen storytime instead of good old ‘Sesame Street.’""",Fake,,"marjorie, taylor, greene",Fake,Marjorie Taylor Greene,22,3
PolitiFact,fact-check,Sydney Batch,https://www.politifact.com/personalities/sydney-batch/,,"North Carolina “always had nonpartisan judicial races, and when the Republicans took over several years ago they changed it.”",Fake,,"sydney, batch",Fake,Sydney Batch,12,2
PolitiFact,fact-check,Susan Crawford,https://www.politifact.com/personalities/susan-crawford/,,"""Brad Schimel said that he wanted to be part of Donald Trump's support network.""",Fake,USA,"susan, crawford",Fake,Susan Crawford,14,2
PolitiFact,fact-check,Nick LaLota,https://www.politifact.com/personalities/nick-lalota/,,"“On Feb. 25, I voted yes on a budget resolution that protects Social Security, Medicare, and Medicaid while cutting some spending elsewhere.""",Fake,,"nick, lalota",Fake,Nick LaLota,11,2
PolitiFact,fact-check,Ian Miles Cheong,https://www.politifact.com/personalities/ian-miles-cheong/,,"Netflix show “Adolescence” is based on Southport, England, knife attacker but the show “race swapped the actual killer from a black man/migrant to a white boy.”",Fake,,"ian, miles, cheong",Fake,Ian Miles Cheong,16,3
PolitiFact,fact-check,Harriet Hageman,https://www.politifact.com/personalities/harriet-hageman/,,The federal Education Department has a “budget of about $280 billion a year. Less than 25% goes to educating our students.”,Fake,,"harriet, hageman",Fake,Harriet Hageman,15,2
PolitiFact,fact-check,Ro Khanna,https://www.politifact.com/personalities/ro-khanna/,,“Breaking news: The Trump administration just announced that Medicare will stop covering telehealth starting April 1. … We need to stand up to these Medicare cuts.”,Fake,,"ro, khanna",Fake,Ro Khanna,9,2
PolitiFact,fact-check,Brad Schimel,https://www.politifact.com/personalities/brad-schimel/,,“Eliminate school choice” is on Susan Crawford’s agenda.,Fake,,"brad, schimel",Fake,Brad Schimel,12,2
PolitiFact,fact-check,A Better Wisconsin Together,https://www.politifact.com/personalities/better-wisconsin-together/,,“71 out of 72 Wisconsin counties filed lawsuits against Purdue Pharma. Brad Schimel refused to join them.”,Fake,,"a, better, wisconsin, together",Fake,A Better Wisconsin Together,27,4
PolitiFact,fact-check,Laura Loomer,https://www.politifact.com/personalities/laura-loomer/,,U.S. Agency for International Development subsidized CNN and MSNBC hosts’ salaries.,Fake,,"laura, loomer",Fake,Laura Loomer,12,2
PolitiFact,fact-check,Larry Kudlow,https://www.politifact.com/personalities/larry-kudlow/,,Elon Musk’s Department of Government Efficiency is “polling very well. It’s very popular.”,Fake,,"larry, kudlow",Fake,Larry Kudlow,12,2
PolitiFact,fact-check,Cavalier Johnson,https://www.politifact.com/personalities/cavalier-johnson/,,"“After the referendum, Milwaukee Public Schools has a larger tax levy than the City of Milwaukee.”",Fake,,"cavalier, johnson",Fake,Cavalier Johnson,16,2
PolitiFact,fact-check,Joel Kitchens,https://www.politifact.com/personalities/joel-kitchens/,,“90% of the (school) districts in Wisconsin already have a policy” banning cellphones during class time.,Fake,,"joel, kitchens",Fake,Joel Kitchens,13,2
PolitiFact,fact-check,Kevin O'Leary,https://www.politifact.com/personalities/kevin-oleary/,,“We've never audited government for 100 years.”,Fake,,"kevin, o'leary",Fake,Kevin O'Leary,13,2
PolitiFact,fact-check,Pete Buttigieg,https://www.politifact.com/personalities/pete-buttigieg/,,"“I am not making this up: Republicans have introduced legislation … to increase your bank fees.""",Fake,,"pete, buttigieg",Fake,Pete Buttigieg,14,2
PolitiFact,fact-check,Patty Murray,https://www.politifact.com/personalities/patty-murray/,,“The single biggest driver of our national debt since 2001 has been Republican tax cuts.”,Fake,,"patty, murray",Fake,Patty Murray,12,2
PolitiFact,fact-check,Mario Nawfal,https://www.politifact.com/personalities/mario-nawfal/,,Former USAID Administrator Samantha Power’s net worth “skyrocketed” from $6.7 million to $30 million in three years.,Fake,,"mario, nawfal",Fake,Mario Nawfal,12,2
PolitiFact,fact-check,Tommy Tuberville,https://www.politifact.com/personalities/tommy-tuberville/,,"As head football coach at Texas Tech University, “I recruited (Patrick Mahomes) ... I’ve got to be very good friends with him.”",Fake,,"tommy, tuberville",Fake,Tommy Tuberville,16,2
PolitiFact,fact-check,Marco Rubio,https://www.politifact.com/personalities/marco-rubio/,,On support for U.S. Agency for International Development,Fake,,"marco, rubio",Fake,Marco Rubio,11,2
PolitiFact,fact-check,Randy Fine,https://www.politifact.com/personalities/randy-fine/,,Florida’s in-state college tuition waiver for immigrants in the country illegally costs the state $41 million.,Fake,,"randy, fine",Fake,Randy Fine,10,2
PolitiFact,fact-check,Brian Mast,https://www.politifact.com/personalities/brian-mast/,,"From the U.S. Agency for International Development funding, “10 to 30 cents on the dollar is what actually goes to aid.”",Fake,,"brian, mast",Fake,Brian Mast,10,2
PolitiFact,fact-check,Ashley Moody,https://www.politifact.com/personalities/ashley-moody/,,"The National Human Trafficking Hotline “in the last four years decided that they would no longer report tips to law enforcement, that they would take a more victim-centered approach.”",Fake,,"ashley, moody",Fake,Ashley Moody,12,2
PolitiFact,fact-check,Ron Johnson,https://www.politifact.com/personalities/ron-johnson/,,We’re one of the very few nations that allowed birthright citizenship.”,Fake,,"ron, johnson",Fake,Ron Johnson,11,2
PolitiFact,fact-check,Adam Schiff,https://www.politifact.com/personalities/adam-schiff/,,"“As a Californian, we have given more to the recovery of other states than any other state in the union.”",Fake,,"adam, schiff",Fake,Adam Schiff,11,2
PolitiFact,fact-check,Roy Cooper,https://www.politifact.com/personalities/roy-cooper/,,North Carolina Republicans “took money out of western North Carolina” with Hurricane Helene relief bill.,Fake,,"roy, cooper",Fake,Roy Cooper,10,2
PolitiFact,fact-check,Common Cause,https://www.politifact.com/personalities/common-cause/,,Wisconsin makes it more difficult for its citizens to vote than almost any state in the nation.,Fake,,"common, cause",Fake,Common Cause,12,2
PolitiFact,fact-check,Lisa Murkowski,https://www.politifact.com/personalities/lisa-murkowski/,,"""Our nation’s tallest mountain … has been called Denali for thousands of years.""",Fake,,"lisa, murkowski",Fake,Lisa Murkowski,14,2
PolitiFact,fact-check,Robin Vos,https://www.politifact.com/personalities/robin-vos/,,"Voter ID ""is supported, if you look at any poll, by 70 to 80% of the public.""",Fake,,"robin, vos",Fake,Robin Vos,9,2
PolitiFact,fact-check,Joe Biden,https://www.politifact.com/personalities/joe-biden/,,“The Equal Rights Amendment has become part of our Constitution.”,Fake,,"joe, biden",Fake,Joe Biden,9,2
PolitiFact,fact-check,Donald Trump Jr.,https://www.politifact.com/personalities/donald-trump-jr/,,California wildfires have “nothing to do with climate change.”,Fake,,"donald, trump, jr.",Fake,Donald Trump Jr.,16,3
PolitiFact,fact-check,Dana Loesch,https://www.politifact.com/personalities/dana-loesch/,,Buncombe County “is still demanding property taxes on homes destroyed by Hurricane Helene based on pre-Helene assessments that no longer apply.”,Fake,,"dana, loesch",Fake,Dana Loesch,11,2
PolitiFact,fact-check,Tony Evers,https://www.politifact.com/personalities/tony-evers/,,"“After 30 years of Wisconsin’s checking account running a deficit, we've ended every fiscal year I've been governor with a positive balance. Today, we have a $4.5 billion positive balance, and a record-high balance in our state savings account.""",Fake,,"tony, evers",Fake,Tony Evers,10,2
PolitiFact,fact-check,More Perfect Union,https://www.politifact.com/personalities/more-perfect-union/,,"“One billionaire couple owns almost all the water in California.""",Fake,,"more, perfect, union",Fake,More Perfect Union,18,3
PolitiFact,fact-check,Grok AI,https://www.politifact.com/personalities/grok-ai/,,"President Joe Biden rescinded a Medal of Freedom given to Trump’s “campaign manager, Bradley Birkenfeld, in 2021.”",Fake,,"grok, ai",Fake,Grok AI,7,2
PolitiFact,fact-check,Sara Jacobs,https://www.politifact.com/personalities/sara-jacobs/,,Government shutdowns in 2013 and 2018 “cost our economy billions of dollars each.”,Fake,,"sara, jacobs",Fake,Sara Jacobs,11,2
PolitiFact,fact-check,Department of Government Efficiency,https://www.politifact.com/personalities/department-of-government-efficiency/,,"Spending plan to prevent a government shutdown includes “a pay increase for members of Congress from $174,000 to $243,000 per year.”",Fake,,"department, of, government, efficiency",Fake,Department of Government Efficiency,35,4
PolitiFact,fact-check,Doug Mastriano,https://www.politifact.com/personalities/doug-mastriano/,,Photo shows a downed drone,Fake,,"doug, mastriano",Fake,Doug Mastriano,14,2
PolitiFact,fact-check,Charlie Kirk,https://www.politifact.com/personalities/charlie-kirk/,,The 14th Amendment “has never been challenged at SCOTUS.”,Fake,,"charlie, kirk",Fake,Charlie Kirk,12,2
PolitiFact,fact-check,Jay Rothman,https://www.politifact.com/personalities/jay-rothman/,,"“The Universities of Wisconsin are 43rd out of 50 states in the nation, in terms of public support for our universities. The $855 million (budget request) gets us up to average.”",Fake,,"jay, rothman",Fake,Jay Rothman,11,2
PolitiFact,fact-check,Michael Rulli,https://www.politifact.com/personalities/michael-rulli/,,“Pete Buttigieg will leave his post as Transportation Secretary having spent $7.5 billion to build 8 EV charging stations.”,Fake,,"michael, rulli",Fake,Michael Rulli,13,2
PolitiFact,fact-check,Nancy Pelosi,https://www.politifact.com/personalities/nancy-pelosi/,,“Fewer people came in under President Biden than came under Donald Trump.”,Fake,,"nancy, pelosi",Fake,Nancy Pelosi,12,2
PolitiFact,fact-check,Eric Hovde,https://www.politifact.com/personalities/eric-hovde/,,Says the election results are suspicious because opponent U.S. Sen. Baldwin won “nearly 90%” of absentee ballots in Milwaukee.,Fake,,"eric, hovde",Fake,Eric Hovde,10,2
PolitiFact,fact-check,Diamond and Silk,https://www.politifact.com/personalities/diamond-and-silk/,,“Paper ballots and hand counting never breaks down.”,Fake,,"diamond, and, silk",Fake,Diamond and Silk,16,3
PolitiFact,fact-check,Dinesh D'Souza,https://www.politifact.com/personalities/dinesh-dsouza/,,The 2024 election results show that Joe Biden’s 80 million votes in 2020 were a “lie.”,Fake,,"dinesh, d'souza",Fake,Dinesh D'Souza,14,2
PolitiFact,fact-check,WinSenate,https://www.politifact.com/personalities/winsenate/,,“Kari Lake is threatening Social Security and Medicare.”,Fake,,winsenate,Fake,WinSenate,9,1
PolitiFact,fact-check,Patriot Voice,https://www.politifact.com/personalities/patriot-voice/,,"Vice President Kamala Harris and husband Doug Emhoff received $500,000 for tipping off Sean “Diddy” Combs about police raids.",Fake,,"patriot, voice",Fake,Patriot Voice,13,2
PolitiFact,fact-check,Libs of TikTok,https://www.politifact.com/personalities/libs-of-tiktok/,,“The lady who leaked passwords for voting systems in Colorado is the same person who tried to remove Trump from the ballot.”,Fake,,"libs, of, tiktok",Fake,Libs of TikTok,14,3
PolitiFact,fact-check,Kamala Harris,https://www.politifact.com/personalities/kamala-harris/,,Former President Donald Trump would “force states to monitor women's pregnancies.”,Fake,,"kamala, harris",Fake,Kamala Harris,13,2
PolitiFact,fact-check,Make the Road Nevada,https://www.politifact.com/personalities/make-the-road-nevada/,,Republican Senate candidate Sam Brown “wants to cut Medicaid and Social Security.”,Fake,,"make, the, road, nevada",Fake,Make the Road Nevada,20,4
PolitiFact,fact-check,Senate Leadership Fund,https://www.politifact.com/personalities/senate-leadership-fund/,,Sen. Jon Tester “voted to let men compete against our girls in their sports.”,Fake,,"senate, leadership, fund",Fake,Senate Leadership Fund,22,3
PolitiFact,fact-check,Tim Moore,https://www.politifact.com/personalities/tim-moore/,,“I’ve not gotten a single call from the White House.”,Fake,,"tim, moore",Fake,Tim Moore,9,2
PolitiFact,fact-check,Tammy Baldwin,https://www.politifact.com/personalities/tammy-baldwin/,,Says opponent Eric Hovde “opposes efforts to negotiate with the big pharmaceutical companies to lower the price of prescription drugs.”,Fake,,"tammy, baldwin",Fake,Tammy Baldwin,13,2
PolitiFact,fact-check,Climate Power,https://www.politifact.com/personalities/climate-power/,,Says Eric Hovde “claims anyone who believes in transitioning to a clean energy economy is ‘smoking crack cocaine.’”,Fake,,"climate, power",Fake,Climate Power,13,2
PolitiFact,fact-check,Sam Brown,https://www.politifact.com/personalities/sam-brown/,,“Jacky Rosen voted to allow biological men to compete in women’s sports.”,Fake,,"sam, brown",Fake,Sam Brown,9,2
PolitiFact,fact-check,Jon Tester,https://www.politifact.com/personalities/jon-tester/,,"“In Montana, we cherish our public lands. But Tim Sheehy called to transfer them off, so the ultra-rich can buy them up.”",Fake,,"jon, tester",Fake,Jon Tester,10,2
PolitiFact,fact-check,Dave McCormick,https://www.politifact.com/personalities/dave-mccormick/,,"Sen. Bob Casey ""has voted in lockstep with his liberal party to defund the police.""",Fake,,"dave, mccormick",Fake,Dave McCormick,14,2
PolitiFact,fact-check,Lisa Grafstein,https://www.politifact.com/personalities/lisa-grafstein/,,"Scott Lassiter “repeatedly campaigned to promote” North Carolina's “largest-ever” school funding cut, sending public school money to “unaccountable private schools” and ending science education.",Fake,,"lisa, grafstein",Fake,Lisa Grafstein,14,2
PolitiFact,fact-check,Kari Lake,https://www.politifact.com/personalities/kari-lake/,,"""Ruben Gallego wanted to defund the police. He actually co-sponsored legislation to defund the police.”",Fake,,"kari, lake",Fake,Kari Lake,9,2
PolitiFact,fact-check,United Auto Workers,https://www.politifact.com/personalities/united-auto-workers/,,Michigan U.S. Senate candidate Mike Rogers “wants to cut Medicare and Social Security.”,Fake,,"united, auto, workers",Fake,United Auto Workers,19,3
PolitiFact,fact-check,Kelly Ayotte,https://www.politifact.com/personalities/kelly-ayotte/,,"“There was a bill to basically create a ban to make sure we never become a sanctuary state, that no locality passes those regulations, and (former Manchester Mayor Joyce Craig) opposed that bill.”",Fake,,"kelly, ayotte",Fake,Kelly Ayotte,12,2
PolitiFact,fact-check,Joyce Craig,https://www.politifact.com/personalities/joyce-craig/,,"Gubernatorial candidate Kelly Ayotte “has voted for national abortion bans, she has voted to defund Planned Parenthood, and she shepherded Neil Gorsuch through the Supreme Court process, and then celebrated when Roe v. Wade was overturned.”",Fake,,"joyce, craig",Fake,Joyce Craig,11,2
PolitiFact,fact-check,Bob Casey,https://www.politifact.com/personalities/bob-casey/,,"To pay for extending the Trump tax cuts, Dave McCormick has “made clear he’ll slash your Medicare and Social Security, and cut Medicaid for nursing home care.”",Fake,,"bob, casey",Fake,Bob Casey,9,2
PolitiFact,fact-check,Progress 2028,https://www.politifact.com/personalities/progress-2028/,,A pro-Kamala Harris website shows she supports a mandatory gun buyback program.,Fake,,"progress, 2028",Fake,Progress 2028,13,2
PolitiFact,fact-check,Mike Rogers,https://www.politifact.com/personalities/mike-rogers/,,"“About 400,000 manufacturing jobs in the state of Michigan will go away with EV mandates.”",Fake,,"mike, rogers",Fake,Mike Rogers,11,2
PolitiFact,fact-check,Michigan Republican Party,https://www.politifact.com/personalities/michigan-republican-party/,,Elissa Slotkin “signed a secret agreement with a CCP-linked Chinese battery company.”,Fake,,"michigan, republican, party",Fake,Michigan Republican Party,25,3
PolitiFact,fact-check,Dan Bongino,https://www.politifact.com/personalities/dan-bongino/,,CBS exposed “the fact” that Kamala Harris’ crowd sizes are inflated because her campaign bused hundreds of attendees to her New Hampshire rally.,Fake,,"dan, bongino",Fake,Dan Bongino,11,2
PolitiFact,fact-check,Coalition to Protect Kids NY,https://www.politifact.com/personalities/coalition-to-protect-kids-ny/,,"""The ERA could also mandate that schools allow biological males to compete in girls' sports.""",Fake,,"coalition, to, protect, kids, ny",Fake,Coalition to Protect Kids NY,28,5
PolitiFact,fact-check,Terence Everitt,https://www.politifact.com/personalities/terence-everitt/,,Republican state Senate candidate Ashlee Adams “campaigned for Mark Robinson and his radical agenda.”,Fake,,"terence, everitt",Fake,Terence Everitt,15,2
PolitiFact,fact-check,Democratic Senatorial Campaign Committee,https://www.politifact.com/personalities/democratic-senatorial-campaign-committee/,,"Says Wisconsin GOP U.S. Senate candidate Eric Hovde ""brags about being in the 1%.""",Fake,,"democratic, senatorial, campaign, committee",Fake,Democratic Senatorial Campaign Committee,40,4
PolitiFact,fact-check,New Hampshire Democratic Party,https://www.politifact.com/personalities/new-hampshire-democratic-party/,,"When New Hampshire gubernatorial nominee Kelly Ayotte served on two companies’ boards, one “laid off 18,000 workers” and the other “laid off 1,200 American workers, moving jobs overseas.”",Fake,,"new, hampshire, democratic, party",Fake,New Hampshire Democratic Party,30,4
PolitiFact,fact-check,House Majority PAC,https://www.politifact.com/personalities/house-majority-pac/,,"Laurie Buckhout is “trying to get to Congress to pass a national abortion ban, allowing politicians to ban abortions with no exceptions and prosecute women if they get an abortion, treating women right here like criminals.”",Fake,,"house, majority, pac",Fake,House Majority PAC,18,3
PolitiFact,fact-check,Elissa Slotkin,https://www.politifact.com/personalities/elissa-slotkin/,,U.S. Senate candidate Mike Rogers “believes he should make that decision” about whether to end pregnancies.,Fake,,"elissa, slotkin",Fake,Elissa Slotkin,14,2
PolitiFact,fact-check,Tim Sheehy,https://www.politifact.com/personalities/tim-sheehy/,,"U.S. Sen. Jon Tester “voted to give taxpayer-funded health care to illegal immigrants.""",Fake,,"tim, sheehy",Fake,Tim Sheehy,10,2
PolitiFact,fact-check,Vote No on 3,https://www.politifact.com/personalities/vote-no-on-3/,,Florida’s Amendment 3 is “the monopoly amendment.”,Fake,,"vote, no, on, 3",Fake,Vote No on 3,12,4
PolitiFact,fact-check,Americans for Prosperity Action,https://www.politifact.com/personalities/americans-for-prosperity-action/,,"The Inflation Reduction Act, which Rep. Elissa Slotkin supported, “drove inflation higher.”",Fake,,"americans, for, prosperity, action",Fake,Americans for Prosperity Action,31,4
PolitiFact,fact-check,Jacky Rosen,https://www.politifact.com/personalities/jacky-rosen/,,“Sam Brown publicly supported forcing massive cuts to Social Security and Medicare and was caught on tape saying he admires the plan to phase out Social Security and Medicare in five years.”,Fake,,"jacky, rosen",Fake,Jacky Rosen,11,2
PolitiFact,fact-check,Julie Su,https://www.politifact.com/personalities/julie-su/,,"“400,000 workers are now in a union that were not in a union when (Biden) became president.”",Fake,,"julie, su",Fake,Julie Su,8,2
PolitiFact,fact-check,Vote No on 4,https://www.politifact.com/personalities/vote-no-on-4/,,"“Unlike other amendments, Amendment 4 has no definitions. … Without definitions these words can mean almost anything.”",Fake,,"vote, no, on, 4",Fake,Vote No on 4,12,4
PolitiFact,fact-check,Wisco Project,https://www.politifact.com/personalities/wisco-project/,,"“If you make less than $100,000, Trump is about to raise your taxes. Currently, you’re taxed at 10% and then 12%. He would raise that to a flat rate of 15%.”",Fake,,"wisco, project",Fake,Wisco Project,13,2
PolitiFact,fact-check,Sherrod Brown,https://www.politifact.com/personalities/sherrod-brown/,,"Of Bernie Moreno, “Now, he’s arguing for a national abortion ban, no exceptions.”",Fake,,"sherrod, brown",Fake,Sherrod Brown,13,2
PolitiFact,fact-check,Bernie Moreno,https://www.politifact.com/personalities/bernie-moreno/,,"“Illegal” Haitians in Springfield, Ohio, are “reportedly killing and eating pets.”",Fake,,"bernie, moreno",Fake,Bernie Moreno,13,2
PolitiFact,fact-check,Tony Perkins,https://www.politifact.com/personalities/tony-perkins/,,"“In 12 states, children born alive after a failed abortion have no legal protection, and in three more states children born alive after an abortion had legal rights that governors — like Tim Walz — repealed.”",Fake,,"tony, perkins",Fake,Tony Perkins,12,2
PolitiFact,fact-check,Republican Governors Association,https://www.politifact.com/personalities/republican-governors-association/,,"“On (Josh) Stein’s watch, rapes in North Carolina are up 53%.”",Fake,,"republican, governors, association",Fake,Republican Governors Association,32,3
PolitiFact,fact-check,Michele Morrow,https://www.politifact.com/personalities/michele-morrow/,,The plus in LGBTQ+ includes pedophilia.,Fake,,"michele, morrow",Fake,Michele Morrow,14,2
PolitiFact,fact-check,Robert  Cowles,https://www.politifact.com/personalities/robert-cowles/,,“The most recent State Budget increased funding for the Department of Tourism by 98 percent.”,Fake,,"robert, cowles",Fake,Robert  Cowles,14,2
PolitiFact,fact-check,Yes on 4,https://www.politifact.com/personalities/yes-on-4/,,Florida’s six-week abortion law has “no real exceptions. Not for her health. Not even for rape.”,Fake,,"yes, on, 4",Fake,Yes on 4,8,3
PolitiFact,fact-check,One Nation,https://www.politifact.com/personalities/one-nation/,,"“Sen. Jacky Rosen voted to increase taxes on families making less than $75,000 a year.”",Fake,,"one, nation",Fake,One Nation,10,2
PolitiFact,fact-check,National Republican Senatorial Committee,https://www.politifact.com/personalities/national-republican-senatorial-committee/,,Elissa Slotkin “gave your hard-earned tax money to illegal immigrants.”,Fake,,"national, republican, senatorial, committee",Fake,National Republican Senatorial Committee,40,4
PolitiFact,fact-check,Jeffrey Barke,https://www.politifact.com/personalities/dr-jeffrey-barke/,,Food and Drug Administration approval for updated COVID-19 vaccines requires a public health emergency declaration.,Fake,,"jeffrey, barke",Fake,Jeffrey Barke,13,2
PolitiFact,fact-check,Jesse James,https://www.politifact.com/personalities/jesse-james/,,"In Wisconsin, “a legislative committee cannot release funding.”",Fake,,"jesse, james",Fake,Jesse James,11,2
PolitiFact,fact-check,Bryan Steil,https://www.politifact.com/personalities/bryan-steil/,,"Says U.S. Sen. Tammy Baldwin ""believes taxpayer dollars should be used for abortion.""",Fake,,"bryan, steil",Fake,Bryan Steil,11,2
PolitiFact,fact-check,Debbie Mucarsel-Powell,https://www.politifact.com/personalities/debbie-mucarsel-powell/,,El senador Rick Scott no apoya las excepciones al aborto.,Fake,,"debbie, mucarsel-powell",Fake,Debbie Mucarsel-Powell,22,2
PolitiFact,fact-check,Jesse Watters,https://www.politifact.com/personalities/jesse-watters/,,Minnesota Gov. Tim Walz “forced schools to stock tampons in boys’ bathrooms.”,Fake,,"jesse, watters",Fake,Jesse Watters,13,2
PolitiFact,fact-check,Lindsey Graham,https://www.politifact.com/personalities/lindsey-graham/,,"El gobernador de Minnesota, Tim Walz, firmó una ley dando educación universitaria gratuita “a los inmigrantes ilegales”.",Fake,,"lindsey, graham",Fake,Lindsey Graham,14,2
PolitiFact,fact-check,Claudia Tenney,https://www.politifact.com/personalities/claudia-tenney/,,Biden Executive Order 14019  “requires our taxpayer-funded federal agencies to violate the Hatch Act and engage in illegal vote harvesting.”,Fake,,"claudia, tenney",Fake,Claudia Tenney,14,2
PolitiFact,fact-check,Republican National Committee,https://www.politifact.com/personalities/republican-national-committee-republican/,,"President Joe Biden appointed ""Kamala Harris to be his border czar to deal with illegal immigration … Harris was put in charge of stopping illegal immigration.""",Fake,,"republican, national, committee",Fake,Republican National Committee,29,3
PolitiFact,fact-check,Jon Stewart,https://www.politifact.com/personalities/jon-stewart/,,"Milwaukee's Marcus Performing Arts Center – where 'The Daily Show' had been scheduled – “was originally located in the ‘soft perimeter,’ they called it, security-wise” but “was shifted, understandably so, to the ‘hard perimeter.’”",Fake,,"jon, stewart",Fake,Jon Stewart,11,2
PolitiFact,fact-check,D.L. Hughley,https://www.politifact.com/personalities/dl-hughley/,,"“Anyone on Social Security or Disability should know, Project 2025 totally eliminates
all benefits.”",Fake,,"d.l., hughley",Fake,D.L. Hughley,12,2
PesaCheck,news,ALTERED: This video isn’t of Gachagua’s message to Raila Odinga after losing AUC election,,,Claim,Real,,"altered:, this, video, isn’t, of, gachagua’s, message, to, raila, odinga, after, losing, auc, election",Real,ALTERED: This video isn’t of Gachagua’s message to Raila Odinga after losing AUC election,89,14
PesaCheck,news,FALSE: Lucy Wanjiru has not been appointed to head Jubilee Party National Aspirants Forum,,,Claim,Fake,,"false:, lucy, wanjiru, has, not, been, appointed, to, head, jubilee, party, national, aspirants, forum",Fake,FALSE: Lucy Wanjiru has not been appointed to head Jubilee Party National Aspirants Forum,89,14
PesaCheck,news,FAUX : La garde présidentielle guinéenne n’a pas repoussé les putschistes,,,Claim,Real,,"faux, :, la, garde, présidentielle, guinéenne, n’a, pas, repoussé, les, putschistes",Real,FAUX : La garde présidentielle guinéenne n’a pas repoussé les putschistes,73,11
PesaCheck,news,FALSE: William Ruto’s security detail has not been replaced with G4S security officers,,,Claim,Fake,,"false:, william, ruto’s, security, detail, has, not, been, replaced, with, g4s, security, officers",Fake,FALSE: William Ruto’s security detail has not been replaced with G4S security officers,86,13
PesaCheck,news,FALSE: This image does not show Kenya’s deputy president under arrest,,,Claim,Fake,,"false:, this, image, does, not, show, kenya’s, deputy, president, under, arrest",Fake,FALSE: This image does not show Kenya’s deputy president under arrest,69,11
PesaCheck,news,FAKE: This letter from Kenya Revenue Authority to Deputy President William Ruto is fabricated,,,Claim,Real,,"fake:, this, letter, from, kenya, revenue, authority, to, deputy, president, william, ruto, is, fabricated",Real,FAKE: This letter from Kenya Revenue Authority to Deputy President William Ruto is fabricated,93,14
PesaCheck,news,"SATIRE: This photo claiming to show William Ruto, Oscar Sudi and Ndindi Nyoro in a pro-democracy…",,,Claim,Fake,,"satire:, this, photo, claiming, to, show, william, ruto,, oscar, sudi, and, ndindi, nyoro, in, a, pro-democracy…",Fake,"SATIRE: This photo claiming to show William Ruto, Oscar Sudi and Ndindi Nyoro in a pro-democracy…",97,16
PesaCheck,news,ALTERED: This image of Kenya’s deputy president in military attire is doctored,,,Claim,Real,,"altered:, this, image, of, kenya’s, deputy, president, in, military, attire, is, doctored",Real,ALTERED: This image of Kenya’s deputy president in military attire is doctored,78,12
PesaCheck,news,FALSE: ICC Prosecutor Karim Khan has not thrown away the case filed against Kenya’s deputy…,,,Claim,Fake,,"false:, icc, prosecutor, karim, khan, has, not, thrown, away, the, case, filed, against, kenya’s, deputy…",Fake,FALSE: ICC Prosecutor Karim Khan has not thrown away the case filed against Kenya’s deputy…,91,15
PesaCheck,news,FAKE: This digital card using the branding of Kenyans.co.ke,,,Claim,Real,,"fake:, this, digital, card, using, the, branding, of, kenyans.co.ke",Real,FAKE: This digital card using the branding of Kenyans.co.ke,59,9
